Sr,Count,Latency
0,1,0.000002732
1,1,0.000001349
2,1,0.000001333
3,1,0.000001257
4,1,0.000001199
5,1,0.000001243
6,1,0.000001262
7,1,0.000001208
8,1,0.000001242
9,1,0.000001225
10,1,0.000001244
11,1,0.000001296
12,1,0.000001373
13,1,0.000001235
14,1,0.000001274
15,1,0.000001409
16,1,0.000001301
17,1,0.000001270
18,1,0.000001331
19,1,0.000001524
20,1,0.000001370
21,1,0.000001281
22,1,0.000001253
23,1,0.000001243
24,1,0.000001209
25,1,0.000001247
26,1,0.000001272
27,1,0.000001244
28,1,0.000001225
29,1,0.000001336
30,1,0.000001224
31,1,0.000001263
32,1,0.000001264
33,1,0.000001341
34,1,0.000001245
35,1,0.000001226
36,1,0.000001250
37,1,0.000001281
38,1,0.000001267
39,1,0.000001420
40,1,0.000001257
41,1,0.000001346
42,1,0.000001349
43,1,0.000001375
44,1,0.000001258
45,1,0.000001327
46,1,0.000001335
47,1,0.000001298
48,1,0.000001247
49,1,0.000001234
50,1,0.000001203
51,1,0.000001263
52,1,0.000001278
53,1,0.000001261
54,1,0.000001580
55,1,0.000001343
56,1,0.000001224
57,1,0.000001243
58,1,0.000001209
59,1,0.000001312
60,1,0.000001271
61,1,0.000001260
62,1,0.000001199
63,1,0.000001294
64,1,0.000001167
65,1,0.000001362
66,1,0.000001339
67,1,0.000001243
68,1,0.000001471
69,1,0.000001304
70,1,0.000001304
71,1,0.000001321
72,1,0.000001247
73,1,0.000001255
74,1,0.000001237
75,1,0.000001259
76,1,0.000001255
77,1,0.000001278
78,1,0.000001266
79,1,0.000005508
80,1,0.000001200
81,1,0.000001212
82,1,0.000001243
83,1,0.000001242
84,1,0.000001229
85,1,0.000001227
86,1,0.000001592
87,1,0.000001246
88,1,0.000001368
89,1,0.000001332
90,1,0.000001259
91,1,0.000001224
92,1,0.000001306
93,1,0.000001218
94,1,0.000001229
95,1,0.000001247
96,1,0.000001268
97,1,0.000001395
98,1,0.000001301
99,1,0.000001254
0,50,0.000018696
1,50,0.000017135
2,50,0.000015975
3,50,0.000015503
4,50,0.000015953
5,50,0.000016269
6,50,0.000014501
7,50,0.000020301
8,50,0.000015434
9,50,0.000016719
10,50,0.000014311
11,50,0.000013842
12,50,0.000015806
13,50,0.000015995
14,50,0.000015023
15,50,0.000015552
16,50,0.000022126
17,50,0.000015032
18,50,0.000015410
19,50,0.000016078
20,50,0.000015049
21,50,0.000018600
22,50,0.000016399
23,50,0.000018452
24,50,0.000017675
25,50,0.000017191
26,50,0.000022631
27,50,0.000024352
28,50,0.000018488
29,50,0.000016589
30,50,0.000014712
31,50,0.000015250
32,50,0.000015269
33,50,0.000016675
34,50,0.000015510
35,50,0.000016006
36,50,0.000015671
37,50,0.000015436
38,50,0.000015060
39,50,0.000017473
40,50,0.000017368
41,50,0.000015070
42,50,0.000015785
43,50,0.000016799
44,50,0.000014637
45,50,0.000016482
46,50,0.000016013
47,50,0.000014937
48,50,0.000015440
49,50,0.000015202
50,50,0.000016878
51,50,0.000018548
52,50,0.000016896
53,50,0.000014620
54,50,0.000013978
55,50,0.000014930
56,50,0.000015105
57,50,0.000018247
58,50,0.000015162
59,50,0.000014619
60,50,0.000014619
61,50,0.000015618
62,50,0.000017136
63,50,0.000021684
64,50,0.000014203
65,50,0.000015996
66,50,0.000015309
67,50,0.000015733
68,50,0.000016742
69,50,0.000014890
70,50,0.000017562
71,50,0.000017477
72,50,0.000019360
73,50,0.000016504
74,50,0.000018402
75,50,0.000015099
76,50,0.000014500
77,50,0.000018128
78,50,0.000015280
79,50,0.000018672
80,50,0.000015572
81,50,0.000022080
82,50,0.000028639
83,50,0.000017571
84,50,0.000018490
85,50,0.000015697
86,50,0.000014717
87,50,0.000016318
88,50,0.000015628
89,50,0.000018063
90,50,0.000021831
91,50,0.000052971
92,50,0.000016494
93,50,0.000014540
94,50,0.000016306
95,50,0.000014680
96,50,0.000017703
97,50,0.000018607
98,50,0.000018571
99,50,0.000017351
0,100,0.000046972
1,100,0.000039646
2,100,0.000035008
3,100,0.000059582
4,100,0.000034416
5,100,0.000220519
6,100,0.000044395
7,100,0.000038045
8,100,0.000048252
9,100,0.000055372
10,100,0.000068087
11,100,0.000037681
12,100,0.000040369
13,100,0.000037372
14,100,0.000379112
15,100,0.000037415
16,100,0.000032949
17,100,0.000054671
18,100,0.000039362
19,100,0.000034925
20,100,0.000059697
21,100,0.000033651
22,100,0.000041517
23,100,0.000041103
24,100,0.000041389
25,100,0.000031055
26,100,0.000040285
27,100,0.000076180
28,100,0.000048300
29,100,0.000051431
30,100,0.000038013
31,100,0.000042441
32,100,0.000067021
33,100,0.000048038
34,100,0.000035463
35,100,0.000040309
36,100,0.000042579
37,100,0.000043831
38,100,0.000051834
39,100,0.000047963
40,100,0.000048164
41,100,0.000054634
42,100,0.000039395
43,100,0.000037586
44,100,0.000066784
45,100,0.000034012
46,100,0.000040767
47,100,0.000036245
48,100,0.000053078
49,100,0.000024298
50,100,0.000023521
51,100,0.000021474
52,100,0.000033968
53,100,0.000020678
54,100,0.000023453
55,100,0.000026948
56,100,0.000026007
57,100,0.000022942
58,100,0.000024005
59,100,0.000033789
60,100,0.000022139
61,100,0.000023880
62,100,0.000051015
63,100,0.000038962
64,100,0.000041157
65,100,0.000041251
66,100,0.000039562
67,100,0.000037621
68,100,0.000033265
69,100,0.000033753
70,100,0.000033901
71,100,0.000036729
72,100,0.000041378
73,100,0.000038431
74,100,0.000036013
75,100,0.000031640
76,100,0.000037595
77,100,0.000041731
78,100,0.000037937
79,100,0.000044401
80,100,0.000043524
81,100,0.000678800
82,100,0.000036672
83,100,0.000036266
84,100,0.000039877
85,100,0.000039371
86,100,0.000035661
87,100,0.000051284
88,100,0.000032279
89,100,0.000034039
90,100,0.000035562
91,100,0.000038952
92,100,0.000039861
93,100,0.000040567
94,100,0.000041697
95,100,0.000037298
96,100,0.000036053
97,100,0.000045708
98,100,0.000035956
99,100,0.000038338
0,150,0.000071605
1,150,0.000075438
2,150,0.000081615
3,150,0.000073403
4,150,0.000053872
5,150,0.000088187
6,150,0.000092464
7,150,0.000066426
8,150,0.000065567
9,150,0.000060006
10,150,0.000056046
11,150,0.000071318
12,150,0.000070641
13,150,0.000065977
14,150,0.000065561
15,150,0.000067178
16,150,0.000067488
17,150,0.000053761
18,150,0.000059999
19,150,0.000072082
20,150,0.000065764
21,150,0.000066251
22,150,0.000072191
23,150,0.000068172
24,150,0.000065167
25,150,0.000068293
26,150,0.000061037
27,150,0.000054758
28,150,0.000062285
29,150,0.000052679
30,150,0.000051096
31,150,0.000058159
32,150,0.000059389
33,150,0.000065522
34,150,0.000056065
35,150,0.000068967
36,150,0.000057109
37,150,0.000053834
38,150,0.000061419
39,150,0.000052704
40,150,0.000061067
41,150,0.000065177
42,150,0.000055084
43,150,0.000075364
44,150,0.000060386
45,150,0.000065256
46,150,0.000056431
47,150,0.000051373
48,150,0.000062743
49,150,0.000055235
50,150,0.000062368
51,150,0.000058412
52,150,0.000053266
53,150,0.000054633
54,150,0.000050319
55,150,0.000049010
56,150,0.000054402
57,150,0.000066137
58,150,0.000060572
59,150,0.000063733
60,150,0.000061413
61,150,0.000064674
62,150,0.000060686
63,150,0.000047270
64,150,0.000069647
65,150,0.000071398
66,150,0.000065244
67,150,0.000068472
68,150,0.000058809
69,150,0.000057237
70,150,0.000069061
71,150,0.000066824
72,150,0.000059589
73,150,0.000055486
74,150,0.000076345
75,150,0.000059463
76,150,0.000058388
77,150,0.000059617
78,150,0.000063781
79,150,0.000061697
80,150,0.000062719
81,150,0.000068727
82,150,0.000059971
83,150,0.000075396
84,150,0.000063760
85,150,0.000077345
86,150,0.000062521
87,150,0.000063640
88,150,0.000058752
89,150,0.000062393
90,150,0.000064266
91,150,0.000053937
92,150,0.000049069
93,150,0.000064486
94,150,0.000078354
95,150,0.000053762
96,150,0.000108335
97,150,0.000292360
98,150,0.000060806
99,150,0.000061697
0,200,0.000085971
1,200,0.000084917
2,200,0.000109867
3,200,0.000213349
4,200,0.000116802
5,200,0.000090765
6,200,0.000099929
7,200,0.000115254
8,200,0.000082364
9,200,0.000088784
10,200,0.000087525
11,200,0.000084322
12,200,0.000085904
13,200,0.000086174
14,200,0.000078932
15,200,0.000087890
16,200,0.000087371
17,200,0.000074344
18,200,0.000094234
19,200,0.000081349
20,200,0.000100440
21,200,0.000076479
22,200,0.000098841
23,200,0.000064971
24,200,0.000080029
25,200,0.000105265
26,200,0.000096793
27,200,0.000116995
28,200,0.000106466
29,200,0.000094769
30,200,0.000084098
31,200,0.000095825
32,200,0.000088748
33,200,0.000069962
34,200,0.000095245
35,200,0.000065152
36,200,0.000067574
37,200,0.000060098
38,200,0.000091623
39,200,0.000082483
40,200,0.000090347
41,200,0.000078183
42,200,0.000078100
43,200,0.000073125
44,200,0.000063155
45,200,0.000069809
46,200,0.000070498
47,200,0.000072976
48,200,0.000077598
49,200,0.000087983
50,200,0.000087895
51,200,0.000085358
52,200,0.000083328
53,200,0.000090386
54,200,0.000090102
55,200,0.000086680
56,200,0.000077489
57,200,0.000080248
58,200,0.000076330
59,200,0.000086962
60,200,0.000083490
61,200,0.000092767
62,200,0.000076122
63,200,0.000073268
64,200,0.000056724
65,200,0.000061114
66,200,0.000056416
67,200,0.000068757
68,200,0.000067973
69,200,0.000060570
70,200,0.000063101
71,200,0.000058739
72,200,0.000065025
73,200,0.000069679
74,200,0.000069609
75,200,0.000060983
76,200,0.000061854
77,200,0.000062664
78,200,0.000056189
79,200,0.000056138
80,200,0.000452273
81,200,0.000057387
82,200,0.000067226
83,200,0.000057375
84,200,0.000058838
85,200,0.000055761
86,200,0.000056285
87,200,0.000056691
88,200,0.000053108
89,200,0.000053394
90,200,0.000060926
91,200,0.000061108
92,200,0.000058221
93,200,0.000061592
94,200,0.000063191
95,200,0.000060246
96,200,0.000080353
97,200,0.000059701
98,200,0.000064745
99,200,0.000081966
0,250,0.000478425
1,250,0.000127369
2,250,0.000086935
3,250,0.000141976
4,250,0.000102846
5,250,0.000122908
6,250,0.000090054
7,250,0.000088592
8,250,0.000089572
9,250,0.000081598
10,250,0.000080214
11,250,0.000097172
12,250,0.000074001
13,250,0.000076714
14,250,0.000083318
15,250,0.000102693
16,250,0.000101831
17,250,0.000110443
18,250,0.000110872
19,250,0.000100138
20,250,0.000114856
21,250,0.000098767
22,250,0.000120770
23,250,0.000095246
24,250,0.000110180
25,250,0.000128478
26,250,0.000100490
27,250,0.000087133
28,250,0.000108643
29,250,0.000107759
30,250,0.000110452
31,250,0.000100527
32,250,0.000136305
33,250,0.000091820
34,250,0.000379907
35,250,0.000121714
36,250,0.000102975
37,250,0.000116828
38,250,0.000121115
39,250,0.000113275
40,250,0.000116040
41,250,0.000102733
42,250,0.000099747
43,250,0.000099076
44,250,0.000100453
45,250,0.000109255
46,250,0.000098081
47,250,0.000118595
48,250,0.000105857
49,250,0.000120168
50,250,0.000143708
51,250,0.000130887
52,250,0.000115539
53,250,0.000132836
54,250,0.000108325
55,250,0.000129014
56,250,0.000099920
57,250,0.000107791
58,250,0.000118168
59,250,0.000109296
60,250,0.000108676
61,250,0.000109703
62,250,0.000106465
63,250,0.000124671
64,250,0.000098495
65,250,0.000108753
66,250,0.000114353
67,250,0.000109550
68,250,0.000127901
69,250,0.000100649
70,250,0.000317676
71,250,0.000113035
72,250,0.000105386
73,250,0.000122435
74,250,0.000110415
75,250,0.000103020
76,250,0.000662449
77,250,0.000106143
78,250,0.000132871
79,250,0.000108528
80,250,0.000123064
81,250,0.000123665
82,250,0.000111172
83,250,0.000101600
84,250,0.000101777
85,250,0.000107663
86,250,0.000094988
87,250,0.000102884
88,250,0.000101989
89,250,0.000103581
90,250,0.000099305
91,250,0.000098615
92,250,0.000103691
93,250,0.000099257
94,250,0.000098795
95,250,0.000095819
96,250,0.000106411
97,250,0.000097068
98,250,0.000099225
99,250,0.000095727
0,300,0.000113020
1,300,0.000139510
2,300,0.000137963
3,300,0.000127576
4,300,0.000180203
5,300,0.000147319
6,300,0.000126805
7,300,0.000121846
8,300,0.000124416
9,300,0.000136376
10,300,0.000131229
11,300,0.000133855
12,300,0.000132597
13,300,0.000124498
14,300,0.000126376
15,300,0.000100224
16,300,0.000107736
17,300,0.000112831
18,300,0.000122876
19,300,0.000129001
20,300,0.000132606
21,300,0.000135461
22,300,0.000133889
23,300,0.000131040
24,300,0.000151464
25,300,0.000113697
26,300,0.000126682
27,300,0.000106767
28,300,0.000117443
29,300,0.000128023
30,300,0.000122786
31,300,0.000125720
32,300,0.000111618
33,300,0.000109316
34,300,0.000111203
35,300,0.000132329
36,300,0.000113555
37,300,0.000128636
38,300,0.000129584
39,300,0.000127287
40,300,0.000138740
41,300,0.000142272
42,300,0.000130518
43,300,0.000108093
44,300,0.000118460
45,300,0.000118895
46,300,0.000120775
47,300,0.000114484
48,300,0.000141613
49,300,0.000988818
50,300,0.000113250
51,300,0.000125602
52,300,0.000132352
53,300,0.000123844
54,300,0.000132887
55,300,0.000139590
56,300,0.000139634
57,300,0.000126949
58,300,0.000150350
59,300,0.000120017
60,300,0.000096599
61,300,0.000121640
62,300,0.000677555
63,300,0.000189850
64,300,0.000130761
65,300,0.000118201
66,300,0.000144038
67,300,0.000132457
68,300,0.000127552
69,300,0.000125578
70,300,0.000127444
71,300,0.000105938
72,300,0.000133794
73,300,0.000136982
74,300,0.002457913
75,300,0.000134324
76,300,0.000114655
77,300,0.000143763
78,300,0.000113135
79,300,0.000117266
80,300,0.000140598
81,300,0.000120381
82,300,0.000140231
83,300,0.000106377
84,300,0.000109920
85,300,0.000109579
86,300,0.000126057
87,300,0.001534245
88,300,0.000144437
89,300,0.000120240
90,300,0.000134351
91,300,0.000229656
92,300,0.000128423
93,300,0.000144954
94,300,0.000109655
95,300,0.000152279
96,300,0.000095227
97,300,0.000107287
98,300,0.000130611
99,300,0.000148570
0,350,0.000133231
1,350,0.000144852
2,350,0.000187026
3,350,0.000169222
4,350,0.000161296
5,350,0.000144353
6,350,0.000144938
7,350,0.000134887
8,350,0.000189004
9,350,0.000142157
10,350,0.000160860
11,350,0.000162524
12,350,0.000144787
13,350,0.000127744
14,350,0.000125495
15,350,0.000117671
16,350,0.000092926
17,350,0.000116433
18,350,0.000088301
19,350,0.000098744
20,350,0.000100968
21,350,0.000178111
22,350,0.000116152
23,350,0.000122313
24,350,0.000098964
25,350,0.000093289
26,350,0.000117306
27,350,0.000125134
28,350,0.000146302
29,350,0.000128984
30,350,0.000129683
31,350,0.000111054
32,350,0.000144972
33,350,0.000132377
34,350,0.000124287
35,350,0.000096875
36,350,0.000128528
37,350,0.000098380
38,350,0.000092428
39,350,0.000115583
40,350,0.000117627
41,350,0.000095634
42,350,0.000116687
43,350,0.000142943
44,350,0.000158765
45,350,0.000160012
46,350,0.000118331
47,350,0.000112150
48,350,0.000120554
49,350,0.000110129
50,350,0.000111697
51,350,0.000175475
52,350,0.000148757
53,350,0.000198082
54,350,0.000442239
55,350,0.000167143
56,350,0.000171689
57,350,0.000186529
58,350,0.000179950
59,350,0.000185582
60,350,0.000168118
61,350,0.000152005
62,350,0.000164054
63,350,0.000182015
64,350,0.000172702
65,350,0.000147829
66,350,0.000156972
67,350,0.000161264
68,350,0.000679591
69,350,0.000161351
70,350,0.000139594
71,350,0.000140374
72,350,0.000135473
73,350,0.000171048
74,350,0.000142773
75,350,0.000154398
76,350,0.000131152
77,350,0.000140697
78,350,0.000145987
79,350,0.000151606
80,350,0.000133654
81,350,0.000132797
82,350,0.000132997
83,350,0.000131385
84,350,0.000164536
85,350,0.000148278
86,350,0.000154885
87,350,0.000128980
88,350,0.000145395
89,350,0.000108040
90,350,0.000155801
91,350,0.000156894
92,350,0.000154236
93,350,0.000176530
94,350,0.000147334
95,350,0.000110460
96,350,0.000159188
97,350,0.000160160
98,350,0.000109950
99,350,0.000125794
0,400,0.000126846
1,400,0.000189746
2,400,0.000153730
3,400,0.000177534
4,400,0.000165366
5,400,0.000138462
6,400,0.000130291
7,400,0.000117301
8,400,0.000150634
9,400,0.000144960
10,400,0.000172760
11,400,0.000197830
12,400,0.000200915
13,400,0.000125868
14,400,0.000162736
15,400,0.000158871
16,400,0.000158073
17,400,0.000148802
18,400,0.000147803
19,400,0.000158261
20,400,0.000177223
21,400,0.000300672
22,400,0.000179688
23,400,0.000196079
24,400,0.000198438
25,400,0.000192658
26,400,0.000271392
27,400,0.000148083
28,400,0.000148991
29,400,0.000160905
30,400,0.000162963
31,400,0.000142759
32,400,0.000133840
33,400,0.000125384
34,400,0.000184657
35,400,0.000137255
36,400,0.000161070
37,400,0.000143774
38,400,0.000203339
39,400,0.000230059
40,400,0.000172127
41,400,0.000171852
42,400,0.000203082
43,400,0.000210543
44,400,0.000197352
45,400,0.000206033
46,400,0.000189854
47,400,0.000182235
48,400,0.000192332
49,400,0.000202080
50,400,0.000200346
51,400,0.000199520
52,400,0.000204808
53,400,0.000197069
54,400,0.000199811
55,400,0.000218261
56,400,0.000170728
57,400,0.002269009
58,400,0.000193240
59,400,0.000196893
60,400,0.000220597
61,400,0.000207993
62,400,0.000216860
63,400,0.000214093
64,400,0.000199926
65,400,0.000213473
66,400,0.000177251
67,400,0.000199554
68,400,0.000170042
69,400,0.000208662
70,400,0.000165993
71,400,0.000226746
72,400,0.000203499
73,400,0.000234878
74,400,0.000189891
75,400,0.000204295
76,400,0.000208895
77,400,0.000191568
78,400,0.000203753
79,400,0.000202122
80,400,0.000192056
81,400,0.000168951
82,400,0.000171778
83,400,0.000184427
84,400,0.000181545
85,400,0.000189217
86,400,0.000185173
87,400,0.000167283
88,400,0.000193345
89,400,0.000184798
90,400,0.000189679
91,400,0.000185071
92,400,0.000171067
93,400,0.000177627
94,400,0.000195820
95,400,0.000178646
96,400,0.000163363
97,400,0.000187937
98,400,0.000188363
99,400,0.000210776
0,450,0.000219782
1,450,0.000246525
2,450,0.000427895
3,450,0.000276156
4,450,0.000213608
5,450,0.000165640
6,450,0.000197771
7,450,0.000182232
8,450,0.000172429
9,450,0.000181613
10,450,0.000207880
11,450,0.000156329
12,450,0.000175504
13,450,0.000182406
14,450,0.000163174
15,450,0.000207623
16,450,0.000155243
17,450,0.000179400
18,450,0.000173291
19,450,0.000173933
20,450,0.000202528
21,450,0.000164559
22,450,0.000160806
23,450,0.000174210
24,450,0.000169920
25,450,0.000212389
26,450,0.000162707
27,450,0.000197787
28,450,0.000219162
29,450,0.000170249
30,450,0.000223741
31,450,0.000223268
32,450,0.000188369
33,450,0.000197481
34,450,0.000158903
35,450,0.000194603
36,450,0.000212824
37,450,0.000198308
38,450,0.000193935
39,450,0.000145775
40,450,0.000208045
41,450,0.000215972
42,450,0.000230712
43,450,0.000212143
44,450,0.000209990
45,450,0.000190457
46,450,0.000224195
47,450,0.000229855
48,450,0.000214303
49,450,0.000214499
50,450,0.000208413
51,450,0.000172297
52,450,0.000151645
53,450,0.000151050
54,450,0.000136303
55,450,0.000169377
56,450,0.000181403
57,450,0.006806554
58,450,0.000182479
59,450,0.000193680
60,450,0.000156318
61,450,0.000200305
62,450,0.000181000
63,450,0.000162324
64,450,0.000193681
65,450,0.000170428
66,450,0.000156156
67,450,0.000192868
68,450,0.000166299
69,450,0.000161085
70,450,0.000153159
71,450,0.000164516
72,450,0.000135968
73,450,0.000146617
74,450,0.000154788
75,450,0.000129786
76,450,0.000118564
77,450,0.000129825
78,450,0.000149595
79,450,0.000130677
80,450,0.000136537
81,450,0.000155181
82,450,0.000157674
83,450,0.000129342
84,450,0.000157412
85,450,0.000171129
86,450,0.000122066
87,450,0.000157577
88,450,0.000167515
89,450,0.000153035
90,450,0.000122383
91,450,0.000123220
92,450,0.000132904
93,450,0.000153939
94,450,0.000144660
95,450,0.000118200
96,450,0.000123420
97,450,0.000148153
98,450,0.005551170
99,450,0.000119706
0,500,0.000148520
1,500,0.000213119
2,500,0.000201978
3,500,0.000183390
4,500,0.000199846
5,500,0.000167280
6,500,0.000171821
7,500,0.000175258
8,500,0.000145959
9,500,0.000152679
10,500,0.000135099
11,500,0.000148040
12,500,0.000142028
13,500,0.000188028
14,500,0.000160424
15,500,0.000156413
16,500,0.000193623
17,500,0.000186981
18,500,0.000163153
19,500,0.000191689
20,500,0.000166903
21,500,0.000187618
22,500,0.000208850
23,500,0.000183387
24,500,0.000209929
25,500,0.000189474
26,500,0.000192902
27,500,0.000174142
28,500,0.000152982
29,500,0.000159613
30,500,0.000175309
31,500,0.000182971
32,500,0.000201051
33,500,0.000148745
34,500,0.000172952
35,500,0.000192817
36,500,0.000274053
37,500,0.000191302
38,500,0.000193293
39,500,0.000160693
40,500,0.000168519
41,500,0.000212968
42,500,0.000209422
43,500,0.000156928
44,500,0.000149546
45,500,0.000157689
46,500,0.000159180
47,500,0.000149562
48,500,0.000172439
49,500,0.000209768
50,500,0.000204845
51,500,0.000172963
52,500,0.000919276
53,500,0.000173038
54,500,0.000153897
55,500,0.000153846
56,500,0.000137312
57,500,0.000196847
58,500,0.000148957
59,500,0.000157298
60,500,0.000214049
61,500,0.000192639
62,500,0.000150208
63,500,0.000192601
64,500,0.000163206
65,500,0.000159886
66,500,0.000180910
67,500,0.000188872
68,500,0.000148442
69,500,0.000133172
70,500,0.000143971
71,500,0.000145806
72,500,0.000151695
73,500,0.000183430
74,500,0.000163128
75,500,0.000175627
76,500,0.000154515
77,500,0.000175908
78,500,0.000177534
79,500,0.000136917
80,500,0.000174682
81,500,0.000155494
82,500,0.000159895
83,500,0.000158467
84,500,0.000214883
85,500,0.000187792
86,500,0.000200692
87,500,0.000200755
88,500,0.000219144
89,500,0.000186878
90,500,0.000222364
91,500,0.002421981
92,500,0.000186691
93,500,0.000177576
94,500,0.000211657
95,500,0.000189153
96,500,0.000176200
97,500,0.000169017
98,500,0.000215440
99,500,0.000180175
0,550,0.000216120
1,550,0.000223005
2,550,0.000217381
3,550,0.000216903
4,550,0.000215310
5,550,0.000215896
6,550,0.000216240
7,550,0.000216184
8,550,0.000217252
9,550,0.000193573
10,550,0.000204306
11,550,0.000198052
12,550,0.000214038
13,550,0.000194667
14,550,0.000215885
15,550,0.000223265
16,550,0.000211060
17,550,0.000221706
18,550,0.000171174
19,550,0.000195037
20,550,0.000222689
21,550,0.000205048
22,550,0.000188489
23,550,0.000189481
24,550,0.000207531
25,550,0.000206129
26,550,0.000202951
27,550,0.000204231
28,550,0.000195870
29,550,0.015049085
30,550,0.000146758
31,550,0.000153783
32,550,0.000143548
33,550,0.000141763
34,550,0.000153121
35,550,0.000158913
36,550,0.000194835
37,550,0.000147322
38,550,0.000175386
39,550,0.016120996
40,550,0.000152152
41,550,0.000163176
42,550,0.000190114
43,550,0.000194916
44,550,0.000226896
45,550,0.000197327
46,550,0.000170168
47,550,0.000181333
48,550,0.000198609
49,550,0.000190931
50,550,0.000199648
51,550,0.000187086
52,550,0.000184473
53,550,0.000206024
54,550,0.000182426
55,550,0.000165506
56,550,0.000183469
57,550,0.000199076
58,550,0.000192018
59,550,0.000225045
60,550,0.000195108
61,550,0.000201952
62,550,0.000257167
63,550,0.000238860
64,550,0.000202526
65,550,0.000229115
66,550,0.000234051
67,550,0.000224485
68,550,0.003805869
69,550,0.000209674
70,550,0.000186144
71,550,0.000180305
72,550,0.000185635
73,550,0.000163589
74,550,0.000213707
75,550,0.000199726
76,550,0.000202212
77,550,0.000213381
78,550,0.000225002
79,550,0.000191243
80,550,0.000180427
81,550,0.000182910
82,550,0.000195118
83,550,0.000139807
84,550,0.000154395
85,550,0.000153958
86,550,0.000149819
87,550,0.000151318
88,550,0.000168770
89,550,0.000169954
90,550,0.000178045
91,550,0.000180317
92,550,0.000188991
93,550,0.000163429
94,550,0.000166282
95,550,0.000153278
96,550,0.000161509
97,550,0.000183638
98,550,0.000161003
99,550,0.000191194
0,600,0.015248735
1,600,0.000240163
2,600,0.000183481
3,600,0.009441525
4,600,0.000223962
5,600,0.000231805
6,600,0.000196583
7,600,0.000236517
8,600,0.000222632
9,600,0.000213444
10,600,0.000219808
11,600,0.000222049
12,600,0.000239391
13,600,0.000193044
14,600,0.000180935
15,600,0.000240137
16,600,0.000249108
17,600,0.000219448
18,600,0.000195952
19,600,0.000224709
20,600,0.000242081
21,600,0.000267425
22,600,0.000275878
23,600,0.000262401
24,600,0.000222487
25,600,0.000231846
26,600,0.000274455
27,600,0.000251025
28,600,0.000253436
29,600,0.000269738
30,600,0.000271705
31,600,0.000277882
32,600,0.000510256
33,600,0.000262937
34,600,0.000223751
35,600,0.000275222
36,600,0.000233633
37,600,0.000216654
38,600,0.000244030
39,600,0.000244173
40,600,0.000307503
41,600,0.000256967
42,600,0.000242568
43,600,0.000266178
44,600,0.000244426
45,600,0.000211323
46,600,0.000255659
47,600,0.000242206
48,600,0.000269500
49,600,0.000285945
50,600,0.000275639
51,600,0.000288404
52,600,0.000293327
53,600,0.000244187
54,600,0.000256571
55,600,0.000324123
56,600,0.000366147
57,600,0.000317254
58,600,0.000303022
59,600,0.000324173
60,600,0.000296724
61,600,0.000316372
62,600,0.000293655
63,600,0.000291471
64,600,0.000298431
65,600,0.000311778
66,600,0.000301492
67,600,0.000285002
68,600,0.000254143
69,600,0.000276155
70,600,0.000249549
71,600,0.000307085
72,600,0.000261046
73,600,0.000255688
74,600,0.000298549
75,600,0.000279305
76,600,0.000271267
77,600,0.000308523
78,600,0.000252142
79,600,0.000267312
80,600,0.000305113
81,600,0.000261276
82,600,0.000252555
83,600,0.000273838
84,600,0.000272363
85,600,0.000282768
86,600,0.000305069
87,600,0.000308191
88,600,0.000296271
89,600,0.000276922
90,600,0.000285413
91,600,0.000306255
92,600,0.000345891
93,600,0.000308644
94,600,0.000317974
95,600,0.000319720
96,600,0.000326372
97,600,0.000300041
98,600,0.000310383
99,600,0.000316243
0,650,0.000361357
1,650,0.000372980
2,650,0.000349695
3,650,0.000354759
4,650,0.000341594
5,650,0.000294441
6,650,0.000323085
7,650,0.000348775
8,650,0.000437060
9,650,0.000321105
10,650,0.000338798
11,650,0.000342986
12,650,0.000303246
13,650,0.000846435
14,650,0.000355751
15,650,0.000335909
16,650,0.000352943
17,650,0.000328416
18,650,0.000325818
19,650,0.000319089
20,650,0.000317532
21,650,0.000327811
22,650,0.000324265
23,650,0.000311845
24,650,0.000323328
25,650,0.000348483
26,650,0.000268930
27,650,0.000271551
28,650,0.000287793
29,650,0.000263329
30,650,0.000295500
31,650,0.000338665
32,650,0.000329354
33,650,0.000295886
34,650,0.000287660
35,650,0.000306824
36,650,0.000324745
37,650,0.000303846
38,650,0.000306593
39,650,0.000327324
40,650,0.000355679
41,650,0.000305103
42,650,0.000305263
43,650,0.000291649
44,650,0.000285423
45,650,0.000332319
46,650,0.000318311
47,650,0.000320534
48,650,0.000305734
49,650,0.000330857
50,650,0.000331359
51,650,0.000261819
52,650,0.000306341
53,650,0.000326081
54,650,0.000320920
55,650,0.000331395
56,650,0.000324896
57,650,0.000337737
58,650,0.000309891
59,650,0.000317658
60,650,0.000311163
61,650,0.000338586
62,650,0.000355217
63,650,0.000320356
64,650,0.000311895
65,650,0.000349829
66,650,0.000351319
67,650,0.000363967
68,650,0.000328017
69,650,0.000328248
70,650,0.000314962
71,650,0.000303276
72,650,0.000332110
73,650,0.000333800
74,650,0.000336530
75,650,0.000333471
76,650,0.000323408
77,650,0.000293607
78,650,0.000315986
79,650,0.000360960
80,650,0.000337228
81,650,0.000326813
82,650,0.000333627
83,650,0.000337720
84,650,0.000326856
85,650,0.000331981
86,650,0.000319378
87,650,0.000330577
88,650,0.000333745
89,650,0.000373556
90,650,0.000331978
91,650,0.000283418
92,650,0.000299318
93,650,0.000327013
94,650,0.000314016
95,650,0.000328952
96,650,0.000309790
97,650,0.000308197
98,650,0.000328723
99,650,0.000301001
0,700,0.000346882
1,700,0.000388146
2,700,0.000365383
3,700,0.000400394
4,700,0.000375637
5,700,0.000362934
6,700,0.000375024
7,700,0.000394709
8,700,0.000367488
9,700,0.000355161
10,700,0.000364701
11,700,0.000362895
12,700,0.000386063
13,700,0.000350552
14,700,0.000342992
15,700,0.000400549
16,700,0.000344617
17,700,0.000398808
18,700,0.000387891
19,700,0.000356022
20,700,0.000358607
21,700,0.019210240
22,700,0.003654339
23,700,0.000327565
24,700,0.000368375
25,700,0.000341658
26,700,0.000327879
27,700,0.000359162
28,700,0.000340182
29,700,0.000350107
30,700,0.000391422
31,700,0.000359394
32,700,0.000373054
33,700,0.000368833
34,700,0.000342915
35,700,0.000371452
36,700,0.000383399
37,700,0.000367087
38,700,0.000375626
39,700,0.000366040
40,700,0.000376545
41,700,0.000388887
42,700,0.000371828
43,700,0.000382966
44,700,0.000346807
45,700,0.000391865
46,700,0.000322542
47,700,0.000357624
48,700,0.003112850
49,700,0.000355700
50,700,0.000381840
51,700,0.000347794
52,700,0.001586670
53,700,0.000395109
54,700,0.000368840
55,700,0.000381131
56,700,0.000374275
57,700,0.000337890
58,700,0.000337685
59,700,0.000343995
60,700,0.000322763
61,700,0.000317770
62,700,0.000325576
63,700,0.000339733
64,700,0.000355692
65,700,0.000349815
66,700,0.000346105
67,700,0.000358955
68,700,0.000369564
69,700,0.000316330
70,700,0.000321379
71,700,0.000334311
72,700,0.000344934
73,700,0.000347100
74,700,0.000312533
75,700,0.000355367
76,700,0.000355406
77,700,0.000306654
78,700,0.000361039
79,700,0.000336104
80,700,0.000318670
81,700,0.000330765
82,700,0.000362368
83,700,0.000344878
84,700,0.000325897
85,700,0.000327330
86,700,0.000340242
87,700,0.000312726
88,700,0.000331055
89,700,0.000340170
90,700,0.000321268
91,700,0.000350776
92,700,0.000348295
93,700,0.000320287
94,700,0.000392066
95,700,0.000315781
96,700,0.000338446
97,700,0.000359234
98,700,0.000359751
99,700,0.000355003
0,750,0.000365887
1,750,0.000395683
2,750,0.000440209
3,750,0.000384353
4,750,0.000350969
5,750,0.000418524
6,750,0.000335526
7,750,0.000354815
8,750,0.000369708
9,750,0.000344849
10,750,0.000363872
11,750,0.000369828
12,750,0.000336688
13,750,0.000380764
14,750,0.000384913
15,750,0.000363125
16,750,0.000397167
17,750,0.000369793
18,750,0.000355198
19,750,0.000365181
20,750,0.000378109
21,750,0.001375962
22,750,0.000371597
23,750,0.000371033
24,750,0.000317853
25,750,0.000314696
26,750,0.000330929
27,750,0.000367604
28,750,0.000364626
29,750,0.000353299
30,750,0.000366025
31,750,0.000375481
32,750,0.000357641
33,750,0.000354416
34,750,0.000390927
35,750,0.000375010
36,750,0.000376695
37,750,0.000369815
38,750,0.000367292
39,750,0.000345441
40,750,0.000372546
41,750,0.000348978
42,750,0.000351845
43,750,0.000487698
44,750,0.000384921
45,750,0.000358911
46,750,0.000397861
47,750,0.000398766
48,750,0.000370688
49,750,0.000407660
50,750,0.000384917
51,750,0.000384940
52,750,0.000481214
53,750,0.000384177
54,750,0.000381726
55,750,0.000417002
56,750,0.000353849
57,750,0.000338833
58,750,0.000334029
59,750,0.000491228
60,750,0.000366782
61,750,0.000386584
62,750,0.000406237
63,750,0.000514430
64,750,0.000384810
65,750,0.000378987
66,750,0.000443524
67,750,0.000399995
68,750,0.000398608
69,750,0.000375290
70,750,0.000393364
71,750,0.000392779
72,750,0.000362889
73,750,0.000372574
74,750,0.000397040
75,750,0.000365783
76,750,0.000427299
77,750,0.000430676
78,750,0.000407149
79,750,0.000454985
80,750,0.000428757
81,750,0.000594284
82,750,0.000376629
83,750,0.000414134
84,750,0.000428783
85,750,0.000419013
86,750,0.000412825
87,750,0.000412241
88,750,0.000431120
89,750,0.000376366
90,750,0.000395476
91,750,0.000374534
92,750,0.000383450
93,750,0.000528965
94,750,0.000377082
95,750,0.000386851
96,750,0.000428523
97,750,0.000384302
98,750,0.000367468
99,750,0.000347787
0,800,0.000415432
1,800,0.000601682
2,800,0.000413500
3,800,0.000435439
4,800,0.000544724
5,800,0.000392033
6,800,0.000414860
7,800,0.000409745
8,800,0.000379643
9,800,0.000473565
10,800,0.000398364
11,800,0.000388065
12,800,0.000382517
13,800,0.000514917
14,800,0.000418108
15,800,0.000435542
16,800,0.000431996
17,800,0.000436581
18,800,0.000437911
19,800,0.000418814
20,800,0.000513623
21,800,0.000373104
22,800,0.000390480
23,800,0.000738815
24,800,0.000433357
25,800,0.000385388
26,800,0.000418793
27,800,0.000412884
28,800,0.000398655
29,800,0.000395206
30,800,0.000415804
31,800,0.000384361
32,800,0.000387615
33,800,0.000373758
34,800,0.000404162
35,800,0.000396587
36,800,0.000362561
37,800,0.000347048
38,800,0.000341492
39,800,0.000386863
40,800,0.000403254
41,800,0.000412239
42,800,0.000385217
43,800,0.000349954
44,800,0.000373683
45,800,0.000389441
46,800,0.000387656
47,800,0.000331198
48,800,0.000355005
49,800,0.000408189
50,800,0.000389464
51,800,0.000396195
52,800,0.000403816
53,800,0.000408104
54,800,0.000409898
55,800,0.003335728
56,800,0.000405921
57,800,0.000381184
58,800,0.000396309
59,800,0.000376039
60,800,0.000402616
61,800,0.000402121
62,800,0.000396894
63,800,0.000409926
64,800,0.000408748
65,800,0.000390807
66,800,0.000465092
67,800,0.000413586
68,800,0.000389512
69,800,0.000423144
70,800,0.000421922
71,800,0.000428985
72,800,0.000387269
73,800,0.000430862
74,800,0.000421780
75,800,0.000398581
76,800,0.000653594
77,800,0.000458622
78,800,0.000459505
79,800,0.000591208
80,800,0.000497768
81,800,0.000430747
82,800,0.000409510
83,800,0.000444273
84,800,0.000441372
85,800,0.000423454
86,800,0.000406751
87,800,0.000509835
88,800,0.000513131
89,800,0.000497311
90,800,0.000493041
91,800,0.000411247
92,800,0.000482145
93,800,0.000464390
94,800,0.000405794
95,800,0.000424259
96,800,0.000437276
97,800,0.000424150
98,800,0.000407534
99,800,0.001227693
0,850,0.000453679
1,850,0.000519661
2,850,0.000484906
3,850,0.000462534
4,850,0.000447087
5,850,0.000506342
6,850,0.000411371
7,850,0.000416666
8,850,0.000423027
9,850,0.000468179
10,850,0.000493217
11,850,0.000980704
12,850,0.000444209
13,850,0.000446739
14,850,0.000437965
15,850,0.000465981
16,850,0.000492035
17,850,0.000480159
18,850,0.000459552
19,850,0.000479934
20,850,0.000432624
21,850,0.000459809
22,850,0.000483464
23,850,0.000439898
24,850,0.000488330
25,850,0.000447235
26,850,0.000440272
27,850,0.000498623
28,850,0.000449983
29,850,0.000432619
30,850,0.000518093
31,850,0.000433971
32,850,0.000468827
33,850,0.000446908
34,850,0.000453088
35,850,0.000452905
36,850,0.000464834
37,850,0.000451013
38,850,0.000453455
39,850,0.000471401
40,850,0.000419861
41,850,0.000463785
42,850,0.000450142
43,850,0.000511533
44,850,0.000467192
45,850,0.000483004
46,850,0.000459221
47,850,0.000481525
48,850,0.000483152
49,850,0.000462301
50,850,0.000450346
51,850,0.000398614
52,850,0.000405517
53,850,0.000419509
54,850,0.000415790
55,850,0.000414869
56,850,0.000425620
57,850,0.000438714
58,850,0.000398679
59,850,0.000467247
60,850,0.000436333
61,850,0.000418317
62,850,0.000447587
63,850,0.000440878
64,850,0.000427047
65,850,0.000400404
66,850,0.000411796
67,850,0.000392778
68,850,0.000425360
69,850,0.000402141
70,850,0.000416312
71,850,0.000460269
72,850,0.000473593
73,850,0.000420800
74,850,0.000393483
75,850,0.000408984
76,850,0.000427723
77,850,0.000466516
78,850,0.000449812
79,850,0.000445989
80,850,0.000436936
81,850,0.000409054
82,850,0.000418696
83,850,0.000482656
84,850,0.000467125
85,850,0.000429084
86,850,0.000488854
87,850,0.000440490
88,850,0.000467757
89,850,0.000422833
90,850,0.000412629
91,850,0.000406263
92,850,0.000419790
93,850,0.001946091
94,850,0.000448895
95,850,0.000420075
96,850,0.000451810
97,850,0.000445396
98,850,0.000395209
99,850,0.000387006
0,900,0.000531884
1,900,0.000548739
2,900,0.000489222
3,900,0.000492931
4,900,0.000459776
5,900,0.000432500
6,900,0.000454477
7,900,0.000465120
8,900,0.000502084
9,900,0.000431426
10,900,0.000433149
11,900,0.000450356
12,900,0.000469573
13,900,0.000945727
14,900,0.000512214
15,900,0.000461334
16,900,0.000502459
17,900,0.000509096
18,900,0.000521432
19,900,0.000460626
20,900,0.000559783
21,900,0.000500797
22,900,0.000503454
23,900,0.000490085
24,900,0.000494857
25,900,0.000506021
26,900,0.000470543
27,900,0.000524470
28,900,0.000532128
29,900,0.000457339
30,900,0.000479155
31,900,0.000450149
32,900,0.000565435
33,900,0.000504793
34,900,0.000514463
35,900,0.000490776
36,900,0.000548706
37,900,0.000458104
38,900,0.000539289
39,900,0.000510036
40,900,0.000973862
41,900,0.000493365
42,900,0.000483987
43,900,0.000514621
44,900,0.000530114
45,900,0.000486763
46,900,0.000532913
47,900,0.000500661
48,900,0.000503776
49,900,0.000475932
50,900,0.000497694
51,900,0.000524691
52,900,0.000489043
53,900,0.000730246
54,900,0.000725993
55,900,0.000465932
56,900,0.000503270
57,900,0.000519923
58,900,0.000505058
59,900,0.000506185
60,900,0.000524284
61,900,0.000517530
62,900,0.000535751
63,900,0.000529177
64,900,0.000506890
65,900,0.000515117
66,900,0.000530438
67,900,0.000500993
68,900,0.000485721
69,900,0.000510690
70,900,0.000465159
71,900,0.000483732
72,900,0.000481734
73,900,0.000447399
74,900,0.000473028
75,900,0.000452577
76,900,0.000434087
77,900,0.000449313
78,900,0.000451174
79,900,0.000495291
80,900,0.000500426
81,900,0.000479707
82,900,0.000424991
83,900,0.000437971
84,900,0.000463891
85,900,0.000480475
86,900,0.000481065
87,900,0.000498862
88,900,0.000432932
89,900,0.000440130
90,900,0.000459380
91,900,0.000430463
92,900,0.000446024
93,900,0.000457392
94,900,0.000431422
95,900,0.000504030
96,900,0.000500902
97,900,0.000493551
98,900,0.000476579
99,900,0.000561840
0,950,0.000568021
1,950,0.000536485
2,950,0.000488337
3,950,0.000606363
4,950,0.000485486
5,950,0.000480989
6,950,0.000471410
7,950,0.000493698
8,950,0.000472527
9,950,0.000772437
10,950,0.000521966
11,950,0.000520431
12,950,0.000496077
13,950,0.000540953
14,950,0.000539436
15,950,0.000514957
16,950,0.000498997
17,950,0.000478250
18,950,0.000505946
19,950,0.000508094
20,950,0.000495474
21,950,0.000539097
22,950,0.000496099
23,950,0.000553650
24,950,0.000525650
25,950,0.000519284
26,950,0.000529321
27,950,0.000699484
28,950,0.000524647
29,950,0.000550967
30,950,0.000567028
31,950,0.000579400
32,950,0.000595369
33,950,0.000584340
34,950,0.000602595
35,950,0.000569676
36,950,0.000547851
37,950,0.000595688
38,950,0.002593133
39,950,0.002598475
40,950,0.000813869
41,950,0.000561635
42,950,0.000565502
43,950,0.000640874
44,950,0.000568183
45,950,0.000564260
46,950,0.000611619
47,950,0.000562759
48,950,0.000587106
49,950,0.000571816
50,950,0.000535287
51,950,0.000569337
52,950,0.000559541
53,950,0.000566932
54,950,0.000545474
55,950,0.000542731
56,950,0.000580478
57,950,0.000565627
58,950,0.000559648
59,950,0.000538323
60,950,0.000565719
61,950,0.000512991
62,950,0.000509904
63,950,0.000527831
64,950,0.000573631
65,950,0.000540876
66,950,0.000574561
67,950,0.000557845
68,950,0.000591691
69,950,0.000602235
70,950,0.000566601
71,950,0.000546481
72,950,0.000517962
73,950,0.000518802
74,950,0.000576526
75,950,0.000534575
76,950,0.000491705
77,950,0.000544059
78,950,0.000487917
79,950,0.000534414
80,950,0.000459713
81,950,0.000482835
82,950,0.000560904
83,950,0.000593714
84,950,0.000546077
85,950,0.000598022
86,950,0.000517546
87,950,0.000609211
88,950,0.000592823
89,950,0.000534392
90,950,0.000554736
91,950,0.000565233
92,950,0.000562467
93,950,0.000585167
94,950,0.000559420
95,950,0.000524411
96,950,0.000529533
97,950,0.000548346
98,950,0.000546693
99,950,0.005137980
0,1000,0.002417947
1,1000,0.000644205
2,1000,0.000603779
3,1000,0.000598300
4,1000,0.000627896
5,1000,0.000628369
6,1000,0.000607536
7,1000,0.000544256
8,1000,0.004734811
9,1000,0.000609620
10,1000,0.000577510
11,1000,0.000548793
12,1000,0.000513043
13,1000,0.000574902
14,1000,0.000565967
15,1000,0.000555184
16,1000,0.000545819
17,1000,0.000597621
18,1000,0.000546963
19,1000,0.000495072
20,1000,0.000533216
21,1000,0.000558205
22,1000,0.000590072
23,1000,0.000594054
24,1000,0.000584154
25,1000,0.000578643
26,1000,0.000517435
27,1000,0.000529015
28,1000,0.000554969
29,1000,0.000513848
30,1000,0.000580014
31,1000,0.000518717
32,1000,0.000592863
33,1000,0.000551452
34,1000,0.000543916
35,1000,0.000552805
36,1000,0.000564313
37,1000,0.000553234
38,1000,0.000547261
39,1000,0.000564269
40,1000,0.000569351
41,1000,0.000543347
42,1000,0.000575765
43,1000,0.000501516
44,1000,0.000502441
45,1000,0.000537930
46,1000,0.000575428
47,1000,0.000566147
48,1000,0.000555678
49,1000,0.000546287
50,1000,0.000568552
51,1000,0.000542436
52,1000,0.000532275
53,1000,0.000465385
54,1000,0.000503527
55,1000,0.000474904
56,1000,0.000496447
57,1000,0.000462499
58,1000,0.000527115
59,1000,0.000629308
60,1000,0.000519819
61,1000,0.000701527
62,1000,0.001718960
63,1000,0.000526625
64,1000,0.000485568
65,1000,0.003294402
66,1000,0.000571739
67,1000,0.000513193
68,1000,0.000519097
69,1000,0.000578498
70,1000,0.000547398
71,1000,0.000556556
72,1000,0.000525675
73,1000,0.000464367
74,1000,0.000497010
75,1000,0.000525471
76,1000,0.000525061
77,1000,0.000556498
78,1000,0.000547870
79,1000,0.000556707
80,1000,0.000527972
81,1000,0.000513760
82,1000,0.000498539
83,1000,0.000499554
84,1000,0.000539387
85,1000,0.000515818
86,1000,0.000524693
87,1000,0.000515873
88,1000,0.000554848
89,1000,0.000494634
90,1000,0.000486939
91,1000,0.000522651
92,1000,0.000486859
93,1000,0.000508392
94,1000,0.000500525
95,1000,0.000509720
96,1000,0.000591878
97,1000,0.000524581
98,1000,0.000509505
99,1000,0.000476992
